Age,Income,Experience,Education,City,Target
,35627.0,9.0,Bachelors,Delhi,1
35.0,33792.0,3.0,Masters,Mumbai,1
28.0,,21.0,Bachelors,Pune,0
120.0,68021.0,17.0,,Bangalore,1
39.0,33433.0,11.0,PhD,,1
43.0,68001.0,1.0,Masters,Delhi,0
,36016.0,9.0,Bachelors,Mumbai,1
31.0,,3.0,Bachelors,Pune,0
44.0,450000.0,13.0,,Bangalore,1
44.0,81193.0,,Masters,Delhi,1
23.0,83707.0,14.0,PhD,,1
42.0,80387.0,7.0,Bachelors,Mumbai,0
22.0,79638.0,60.0,Masters,Pune,1
44.0,48483.0,22.0,,Bangalore,0
50.0,83822.0,24.0,Bachelors,Delhi,1
22.0,73555.0,7.0,Masters,Mumbai,1
41.0,84900.0,20.0,Bachelors,,0
150.0,42159.0,15.0,PhD,Pune,1
32.0,69974.0,12.0,Masters,Bangalore,0
42.0,65994.0,17.0,,Delhi,1
45.0,39541.0,14.0,Bachelors,Mumbai,0
47.0,60920.0,20.0,Masters,Pune,1
48.0,51531.0,23.0,Bachelors,Bangalore,1
36.0,26585.0,24.0,PhD,,0
35.0,600000.0,12.0,,Delhi,1
23.0,48939.0,8.0,Masters,Mumbai,0
27.0,44457.0,14.0,Bachelors,Pune,1
41.0,26021.0,75.0,Masters,Bangalore,0
29.0,36653.0,0.0,Bachelors,Delhi,1
38.0,68573.0,24.0,PhD,,1
